{"cameraMode":{"drawMode":0,"name":"Shaded","section":"Shading Mode"},"sceneLighting":true,"audioPlay":false,"sceneViewState":{"showFog":false,"showMaterialUpdate":false,"showSkybox":false,"showFlares":false,"showImageEffects":false,"showParticleSystems":false},"in2DMode":false,"pivot":{"x":345.02783203125,"y":176.975830078125,"z":23.164703369140626},"rotation":{"x":-0.04947981610894203,"y":-2.771276097490727e-9,"z":-8.646002802592534e-10,"w":0.9987754821777344},"size":525.1126708984375,"orthographic":false}